<?xml version="1.0" encoding="utf-8"?><?xml-stylesheet type="text/xml" href="http://localhost:4000/quizzes/feed.xslt.xml"?><feed xmlns="http://www.w3.org/2005/Atom"><generator uri="http://jekyllrb.com" version="3.4.0">Jekyll</generator><link href="http://localhost:4000/quizzes/feed.xml" rel="self" type="application/atom+xml" /><link href="http://localhost:4000/quizzes/" rel="alternate" type="text/html" /><updated>2017-02-16T16:52:37-05:00</updated><id>http://localhost:4000/quizzes//</id><title type="html">Hillsborough County</title><entry><title type="html">Are You a Savvy Consumer?</title><link href="http://localhost:4000/quizzes/2017/02/16/savvy-consumer.html" rel="alternate" type="text/html" title="Are You a Savvy Consumer?" /><published>2017-02-16T00:00:00-05:00</published><updated>2017-02-16T00:00:00-05:00</updated><id>http://localhost:4000/quizzes/2017/02/16/savvy-consumer</id><content type="html" xml:base="http://localhost:4000/quizzes/2017/02/16/savvy-consumer.html">&lt;ol class=&quot;quiz-list&quot;&gt;
	

	

	&lt;li data-qindex=&quot;1&quot;&gt;

		&lt;span class=&quot;lead&quot;&gt;
			When negotiating a deal for a new car, the best time to discuss the possibility of trading in your old vehicle is:
		&lt;/span&gt;

		&lt;ul class=&quot;list-unstyled answer-list&quot;&gt;
			

			

			&lt;li class=&quot;radio alert&quot;&gt;
				&lt;p&gt;
					&lt;label&gt;
						&lt;input type=&quot;radio&quot; name=&quot;question_1&quot; id=&quot;q_1_a_1&quot; value=&quot;1&quot; data-correct=&quot;false&quot; /&gt;
						Right away. Get everyone on the same page.
					&lt;/label&gt;
				&lt;/p&gt;
				&lt;i class=&quot;description&quot;&gt;&lt;/i&gt;
			&lt;/li&gt;

			

			

			&lt;li class=&quot;radio alert&quot;&gt;
				&lt;p&gt;
					&lt;label&gt;
						&lt;input type=&quot;radio&quot; name=&quot;question_1&quot; id=&quot;q_1_a_2&quot; value=&quot;2&quot; data-correct=&quot;Settle on the price of the new car first, to ensure you know exactly how much a dealer is willing to pay for your old one. Or sell your old vehicle independently. Doing so usually brings a higher price.&quot; /&gt;
						After negotiating the price of the new car.
					&lt;/label&gt;
				&lt;/p&gt;
				&lt;i class=&quot;description&quot;&gt;&lt;/i&gt;
			&lt;/li&gt;

			

			

			&lt;li class=&quot;radio alert&quot;&gt;
				&lt;p&gt;
					&lt;label&gt;
						&lt;input type=&quot;radio&quot; name=&quot;question_1&quot; id=&quot;q_1_a_3&quot; value=&quot;3&quot; data-correct=&quot;false&quot; /&gt;
						Doesn't matter.
					&lt;/label&gt;
				&lt;/p&gt;
				&lt;i class=&quot;description&quot;&gt;&lt;/i&gt;
			&lt;/li&gt;

			
		&lt;/ul&gt;

	&lt;/li&gt;
	

	

	&lt;li data-qindex=&quot;2&quot;&gt;

		&lt;span class=&quot;lead&quot;&gt;
			Which of the following is a good approach when you are disappointed after buying a product or service?
		&lt;/span&gt;

		&lt;ul class=&quot;list-unstyled answer-list&quot;&gt;
			

			

			&lt;li class=&quot;radio alert&quot;&gt;
				&lt;p&gt;
					&lt;label&gt;
						&lt;input type=&quot;radio&quot; name=&quot;question_2&quot; id=&quot;q_2_a_1&quot; value=&quot;1&quot; data-correct=&quot;false&quot; /&gt;
						It's OK to get angry. Let the seller know you're upset, and demand your money back.
					&lt;/label&gt;
				&lt;/p&gt;
				&lt;i class=&quot;description&quot;&gt;&lt;/i&gt;
			&lt;/li&gt;

			

			

			&lt;li class=&quot;radio alert&quot;&gt;
				&lt;p&gt;
					&lt;label&gt;
						&lt;input type=&quot;radio&quot; name=&quot;question_2&quot; id=&quot;q_2_a_2&quot; value=&quot;2&quot; data-correct=&quot;Speaking with a store employee or returning to the web site where you made a purchase resolves many consumer problems.&quot; /&gt;
						Return to the store or website.
					&lt;/label&gt;
				&lt;/p&gt;
				&lt;i class=&quot;description&quot;&gt;&lt;/i&gt;
			&lt;/li&gt;

			

			

			&lt;li class=&quot;radio alert&quot;&gt;
				&lt;p&gt;
					&lt;label&gt;
						&lt;input type=&quot;radio&quot; name=&quot;question_2&quot; id=&quot;q_2_a_3&quot; value=&quot;3&quot; data-correct=&quot;false&quot; /&gt;
						Move fast. If a transaction happened more than five days ago, you're out of luck.
					&lt;/label&gt;
				&lt;/p&gt;
				&lt;i class=&quot;description&quot;&gt;&lt;/i&gt;
			&lt;/li&gt;

			
		&lt;/ul&gt;

	&lt;/li&gt;
	

	

	&lt;li data-qindex=&quot;3&quot;&gt;

		&lt;span class=&quot;lead&quot;&gt;
			What should you NOT do when receiving a credit card bill for information you did not receive?
		&lt;/span&gt;

		&lt;ul class=&quot;list-unstyled answer-list&quot;&gt;
			

			

			&lt;li class=&quot;radio alert&quot;&gt;
				&lt;p&gt;
					&lt;label&gt;
						&lt;input type=&quot;radio&quot; name=&quot;question_3&quot; id=&quot;q_3_a_1&quot; value=&quot;1&quot; data-correct=&quot;Write to the credit card insurer at the address given for billing inquiries.&quot; /&gt;
						Write to the credit card issuer at the address where you send your payments.
					&lt;/label&gt;
				&lt;/p&gt;
				&lt;i class=&quot;description&quot;&gt;&lt;/i&gt;
			&lt;/li&gt;

			

			

			&lt;li class=&quot;radio alert&quot;&gt;
				&lt;p&gt;
					&lt;label&gt;
						&lt;input type=&quot;radio&quot; name=&quot;question_3&quot; id=&quot;q_3_a_2&quot; value=&quot;2&quot; data-correct=&quot;false&quot; /&gt;
						Withhold payment on the disputed amount while the matter is investigated.
					&lt;/label&gt;
				&lt;/p&gt;
				&lt;i class=&quot;description&quot;&gt;&lt;/i&gt;
			&lt;/li&gt;

			

			

			&lt;li class=&quot;radio alert&quot;&gt;
				&lt;p&gt;
					&lt;label&gt;
						&lt;input type=&quot;radio&quot; name=&quot;question_3&quot; id=&quot;q_3_a_3&quot; value=&quot;3&quot; data-correct=&quot;false&quot; /&gt;
						When writing to a credit card issuer, do so within 60 days after the bill was mailed to you. Include copies of any sales slip or other document that supports your position.
					&lt;/label&gt;
				&lt;/p&gt;
				&lt;i class=&quot;description&quot;&gt;&lt;/i&gt;
			&lt;/li&gt;

			
		&lt;/ul&gt;

	&lt;/li&gt;
	

	

	&lt;li data-qindex=&quot;4&quot;&gt;

		&lt;span class=&quot;lead&quot;&gt;
			Which of the following is a trustworthy caller — a person to whom you safely can give personal information or send money?
		&lt;/span&gt;

		&lt;ul class=&quot;list-unstyled answer-list&quot;&gt;
			

			

			&lt;li class=&quot;radio alert&quot;&gt;
				&lt;p&gt;
					&lt;label&gt;
						&lt;input type=&quot;radio&quot; name=&quot;question_4&quot; id=&quot;q_4_a_1&quot; value=&quot;1&quot; data-correct=&quot;false&quot; /&gt;
						A person who identifies themselves as a government official.
					&lt;/label&gt;
				&lt;/p&gt;
				&lt;i class=&quot;description&quot;&gt;&lt;/i&gt;
			&lt;/li&gt;

			

			

			&lt;li class=&quot;radio alert&quot;&gt;
				&lt;p&gt;
					&lt;label&gt;
						&lt;input type=&quot;radio&quot; name=&quot;question_4&quot; id=&quot;q_4_a_2&quot; value=&quot;2&quot; data-correct=&quot;false&quot; /&gt;
						A caller whose caller ID information appears on your telephone.
					&lt;/label&gt;
				&lt;/p&gt;
				&lt;i class=&quot;description&quot;&gt;&lt;/i&gt;
			&lt;/li&gt;

			

			

			&lt;li class=&quot;radio alert&quot;&gt;
				&lt;p&gt;
					&lt;label&gt;
						&lt;input type=&quot;radio&quot; name=&quot;question_4&quot; id=&quot;q_4_a_3&quot; value=&quot;3&quot; data-correct=&quot; Scammers often pretend to be someone you are inclined to trust, such as a government official, a family member or a charity. Technology makes it easy for scammers to fake caller ID information.&quot; /&gt;
						Neither of the above.
					&lt;/label&gt;
				&lt;/p&gt;
				&lt;i class=&quot;description&quot;&gt;&lt;/i&gt;
			&lt;/li&gt;

			
		&lt;/ul&gt;

	&lt;/li&gt;
	

	

	&lt;li data-qindex=&quot;5&quot;&gt;

		&lt;span class=&quot;lead&quot;&gt;
			When buying a gift card…
		&lt;/span&gt;

		&lt;ul class=&quot;list-unstyled answer-list&quot;&gt;
			

			

			&lt;li class=&quot;radio alert&quot;&gt;
				&lt;p&gt;
					&lt;label&gt;
						&lt;input type=&quot;radio&quot; name=&quot;question_5&quot; id=&quot;q_5_a_1&quot; value=&quot;1&quot; data-correct=&quot;false&quot; /&gt;
						Online auction sites are safe and offer good deals.
					&lt;/label&gt;
				&lt;/p&gt;
				&lt;i class=&quot;description&quot;&gt;&lt;/i&gt;
			&lt;/li&gt;

			

			

			&lt;li class=&quot;radio alert&quot;&gt;
				&lt;p&gt;
					&lt;label&gt;
						&lt;input type=&quot;radio&quot; name=&quot;question_5&quot; id=&quot;q_5_a_2&quot; value=&quot;2&quot; data-correct=&quot;It's your best assurance that a gift card is valid.&quot; /&gt;
						Purchase from sources you know and trust.
					&lt;/label&gt;
				&lt;/p&gt;
				&lt;i class=&quot;description&quot;&gt;&lt;/i&gt;
			&lt;/li&gt;

			

			

			&lt;li class=&quot;radio alert&quot;&gt;
				&lt;p&gt;
					&lt;label&gt;
						&lt;input type=&quot;radio&quot; name=&quot;question_5&quot; id=&quot;q_5_a_3&quot; value=&quot;3&quot; data-correct=&quot;false&quot; /&gt;
						You can be certain no fees will be deducted from the card's value after you buy it.
					&lt;/label&gt;
				&lt;/p&gt;
				&lt;i class=&quot;description&quot;&gt;&lt;/i&gt;
			&lt;/li&gt;

			
		&lt;/ul&gt;

	&lt;/li&gt;
	

	

	&lt;li data-qindex=&quot;6&quot;&gt;

		&lt;span class=&quot;lead&quot;&gt;
			You want to get in shape — maybe join a gym. Before doing so…
		&lt;/span&gt;

		&lt;ul class=&quot;list-unstyled answer-list&quot;&gt;
			

			

			&lt;li class=&quot;radio alert&quot;&gt;
				&lt;p&gt;
					&lt;label&gt;
						&lt;input type=&quot;radio&quot; name=&quot;question_6&quot; id=&quot;q_6_a_1&quot; value=&quot;1&quot; data-correct=&quot;It's important to know a gym's cancellation policies before signing a contract — especially a long-term one.&quot; /&gt;
						Find out what happens if you need to cancel your membership.
					&lt;/label&gt;
				&lt;/p&gt;
				&lt;i class=&quot;description&quot;&gt;&lt;/i&gt;
			&lt;/li&gt;

			

			

			&lt;li class=&quot;radio alert&quot;&gt;
				&lt;p&gt;
					&lt;label&gt;
						&lt;input type=&quot;radio&quot; name=&quot;question_6&quot; id=&quot;q_6_a_2&quot; value=&quot;2&quot; data-correct=&quot;false&quot; /&gt;
						Visit the facility at a time of day when you likely would not be using it.
					&lt;/label&gt;
				&lt;/p&gt;
				&lt;i class=&quot;description&quot;&gt;&lt;/i&gt;
			&lt;/li&gt;

			

			

			&lt;li class=&quot;radio alert&quot;&gt;
				&lt;p&gt;
					&lt;label&gt;
						&lt;input type=&quot;radio&quot; name=&quot;question_6&quot; id=&quot;q_6_a_3&quot; value=&quot;3&quot; data-correct=&quot;false&quot; /&gt;
						Don't bother asking if classes are free. They always are.
					&lt;/label&gt;
				&lt;/p&gt;
				&lt;i class=&quot;description&quot;&gt;&lt;/i&gt;
			&lt;/li&gt;

			
		&lt;/ul&gt;

	&lt;/li&gt;
	

	

	&lt;li data-qindex=&quot;7&quot;&gt;

		&lt;span class=&quot;lead&quot;&gt;
			Which of the following is NOT a way to improve your car's gas mileage?
		&lt;/span&gt;

		&lt;ul class=&quot;list-unstyled answer-list&quot;&gt;
			

			

			&lt;li class=&quot;radio alert&quot;&gt;
				&lt;p&gt;
					&lt;label&gt;
						&lt;input type=&quot;radio&quot; name=&quot;question_7&quot; id=&quot;q_7_a_1&quot; value=&quot;1&quot; data-correct=&quot;false&quot; /&gt;
						Begin driving as soon as the engine starts. Modern engines don't need much time to warm up.
					&lt;/label&gt;
				&lt;/p&gt;
				&lt;i class=&quot;description&quot;&gt;&lt;/i&gt;
			&lt;/li&gt;

			

			

			&lt;li class=&quot;radio alert&quot;&gt;
				&lt;p&gt;
					&lt;label&gt;
						&lt;input type=&quot;radio&quot; name=&quot;question_7&quot; id=&quot;q_7_a_2&quot; value=&quot;2&quot; data-correct=&quot;false&quot; /&gt;
						Minimize the need to brake by anticipating traffic conditions.
					&lt;/label&gt;
				&lt;/p&gt;
				&lt;i class=&quot;description&quot;&gt;&lt;/i&gt;
			&lt;/li&gt;

			

			

			&lt;li class=&quot;radio alert&quot;&gt;
				&lt;p&gt;
					&lt;label&gt;
						&lt;input type=&quot;radio&quot; name=&quot;question_7&quot; id=&quot;q_7_a_3&quot; value=&quot;3&quot; data-correct=&quot;In most cases a higher octane gas offers no benefit, and it costs more.&quot; /&gt;
						Use a higher octane gas than the manufacturer recommends.
					&lt;/label&gt;
				&lt;/p&gt;
				&lt;i class=&quot;description&quot;&gt;&lt;/i&gt;
			&lt;/li&gt;

			
		&lt;/ul&gt;

	&lt;/li&gt;
	

	

	&lt;li data-qindex=&quot;8&quot;&gt;

		&lt;span class=&quot;lead&quot;&gt;
			Avoid identity theft by…
		&lt;/span&gt;

		&lt;ul class=&quot;list-unstyled answer-list&quot;&gt;
			

			

			&lt;li class=&quot;radio alert&quot;&gt;
				&lt;p&gt;
					&lt;label&gt;
						&lt;input type=&quot;radio&quot; name=&quot;question_8&quot; id=&quot;q_8_a_1&quot; value=&quot;1&quot; data-correct=&quot;false&quot; /&gt;
						Declining to give out personal information on the phone, through the mail, or on the internet unless you've initiated the contact or know who you are dealing with.
					&lt;/label&gt;
				&lt;/p&gt;
				&lt;i class=&quot;description&quot;&gt;&lt;/i&gt;
			&lt;/li&gt;

			

			

			&lt;li class=&quot;radio alert&quot;&gt;
				&lt;p&gt;
					&lt;label&gt;
						&lt;input type=&quot;radio&quot; name=&quot;question_8&quot; id=&quot;q_8_a_2&quot; value=&quot;2&quot; data-correct=&quot;false&quot; /&gt;
						Locking your financial records in a safe place at home, and locking your wallet or purse at work.
					&lt;/label&gt;
				&lt;/p&gt;
				&lt;i class=&quot;description&quot;&gt;&lt;/i&gt;
			&lt;/li&gt;

			

			

			&lt;li class=&quot;radio alert&quot;&gt;
				&lt;p&gt;
					&lt;label&gt;
						&lt;input type=&quot;radio&quot; name=&quot;question_8&quot; id=&quot;q_8_a_3&quot; value=&quot;3&quot; data-correct=&quot;false&quot; /&gt;
						Shredding receipts, insurance forms, health records, checks, bank statements, charge cards, and other documents when you no longer need them.
					&lt;/label&gt;
				&lt;/p&gt;
				&lt;i class=&quot;description&quot;&gt;&lt;/i&gt;
			&lt;/li&gt;

			

			

			&lt;li class=&quot;radio alert&quot;&gt;
				&lt;p&gt;
					&lt;label&gt;
						&lt;input type=&quot;radio&quot; name=&quot;question_8&quot; id=&quot;q_8_a_4&quot; value=&quot;4&quot; data-correct=&quot;Securing your personal information can help reduce risk of identity theft.&quot; /&gt;
						All of the above.
					&lt;/label&gt;
				&lt;/p&gt;
				&lt;i class=&quot;description&quot;&gt;&lt;/i&gt;
			&lt;/li&gt;

			
		&lt;/ul&gt;

	&lt;/li&gt;
	

	

	&lt;li data-qindex=&quot;9&quot;&gt;

		&lt;span class=&quot;lead&quot;&gt;
			What NOT to ask when considering colleges or universities:
		&lt;/span&gt;

		&lt;ul class=&quot;list-unstyled answer-list&quot;&gt;
			

			

			&lt;li class=&quot;radio alert&quot;&gt;
				&lt;p&gt;
					&lt;label&gt;
						&lt;input type=&quot;radio&quot; name=&quot;question_9&quot; id=&quot;q_9_a_1&quot; value=&quot;1&quot; data-correct=&quot;false&quot; /&gt;
						What percentage of students graduate?
					&lt;/label&gt;
				&lt;/p&gt;
				&lt;i class=&quot;description&quot;&gt;&lt;/i&gt;
			&lt;/li&gt;

			

			

			&lt;li class=&quot;radio alert&quot;&gt;
				&lt;p&gt;
					&lt;label&gt;
						&lt;input type=&quot;radio&quot; name=&quot;question_9&quot; id=&quot;q_9_a_2&quot; value=&quot;2&quot; data-correct=&quot;Ask questions that will help you assess the extent to which a school's offerings will benefit you and your future.&quot; /&gt;
						Did the football team have a winning record last year?
					&lt;/label&gt;
				&lt;/p&gt;
				&lt;i class=&quot;description&quot;&gt;&lt;/i&gt;
			&lt;/li&gt;

			

			

			&lt;li class=&quot;radio alert&quot;&gt;
				&lt;p&gt;
					&lt;label&gt;
						&lt;input type=&quot;radio&quot; name=&quot;question_9&quot; id=&quot;q_9_a_3&quot; value=&quot;3&quot; data-correct=&quot;false&quot; /&gt;
						Can I transfer credit I earn at this school to other schools?
					&lt;/label&gt;
				&lt;/p&gt;
				&lt;i class=&quot;description&quot;&gt;&lt;/i&gt;
			&lt;/li&gt;

			
		&lt;/ul&gt;

	&lt;/li&gt;
	

	

	&lt;li data-qindex=&quot;10&quot;&gt;

		&lt;span class=&quot;lead&quot;&gt;
			Looking for a job? Try…
		&lt;/span&gt;

		&lt;ul class=&quot;list-unstyled answer-list&quot;&gt;
			

			

			&lt;li class=&quot;radio alert&quot;&gt;
				&lt;p&gt;
					&lt;label&gt;
						&lt;input type=&quot;radio&quot; name=&quot;question_10&quot; id=&quot;q_10_a_1&quot; value=&quot;1&quot; data-correct=&quot;Networking is a great way to build relationships that might help you find an ideal position.&quot; /&gt;
						Talking to plugged-in people about your job search and career goals.
					&lt;/label&gt;
				&lt;/p&gt;
				&lt;i class=&quot;description&quot;&gt;&lt;/i&gt;
			&lt;/li&gt;

			

			

			&lt;li class=&quot;radio alert&quot;&gt;
				&lt;p&gt;
					&lt;label&gt;
						&lt;input type=&quot;radio&quot; name=&quot;question_10&quot; id=&quot;q_10_a_2&quot; value=&quot;2&quot; data-correct=&quot;false&quot; /&gt;
						Filling out as many applications as possible and hoping someone gets back in touch with you.
					&lt;/label&gt;
				&lt;/p&gt;
				&lt;i class=&quot;description&quot;&gt;&lt;/i&gt;
			&lt;/li&gt;

			

			

			&lt;li class=&quot;radio alert&quot;&gt;
				&lt;p&gt;
					&lt;label&gt;
						&lt;input type=&quot;radio&quot; name=&quot;question_10&quot; id=&quot;q_10_a_3&quot; value=&quot;3&quot; data-correct=&quot;false&quot; /&gt;
						Don't tell creditors you are jobless. They will show no mercy.
					&lt;/label&gt;
				&lt;/p&gt;
				&lt;i class=&quot;description&quot;&gt;&lt;/i&gt;
			&lt;/li&gt;

			
		&lt;/ul&gt;

	&lt;/li&gt;
	
&lt;/ol&gt;

&lt;p class=&quot;text-center&quot;&gt;
	&lt;button type=&quot;button&quot; id=&quot;get-results&quot; class=&quot;btn btn-lg btn-primary&quot; data-toggle=&quot;modal&quot; data-target=&quot;#quizResultsModal&quot;&gt;
		Get Results
	&lt;/button&gt;
	&lt;a href=&quot;/quizzes/2017/02/16/savvy-consumer.html&quot; class=&quot;btn btn-lg btn-default&quot;&gt;
		Start Over
	&lt;/a&gt;
&lt;/p&gt;

&lt;!-- Modal --&gt;
&lt;div class=&quot;modal fade&quot; id=&quot;quizResultsModal&quot; tabindex=&quot;-1&quot; role=&quot;dialog&quot; aria-labelledby=&quot;quizResultsModalLabel&quot;&gt;
	&lt;div class=&quot;modal-dialog&quot; role=&quot;document&quot;&gt;
		&lt;div class=&quot;modal-content&quot;&gt;
			&lt;div class=&quot;modal-header&quot;&gt;
				&lt;button type=&quot;button&quot; class=&quot;close&quot; data-dismiss=&quot;modal&quot; aria-label=&quot;Close&quot;&gt;&lt;span aria-hidden=&quot;true&quot;&gt;&amp;times;&lt;/span&gt;&lt;/button&gt;
				&lt;h4 class=&quot;modal-title text-center&quot; id=&quot;quizResultsModalLabel&quot;&gt;
					&lt;span class=&quot;num-correct&quot;&gt;&lt;/span&gt; of 10 (&lt;span class=&quot;percent-correct&quot;&gt;&lt;/span&gt;%)
				&lt;/h4&gt;
			&lt;/div&gt;
			&lt;div class=&quot;modal-body&quot;&gt;
				
				&lt;div class=&quot;result text-center result&quot; data-upper=&quot;10&quot; data-lower=&quot;9&quot; style=&quot;display: none;&quot; data-question-count=&quot;10&quot;&gt;
					&lt;p class=&quot;h2&quot;&gt;
						You’re a savvy consumer. Scam artists, steer clear!
					&lt;/p&gt;
				&lt;/div&gt;
				
				&lt;div class=&quot;result text-center result&quot; data-upper=&quot;8&quot; data-lower=&quot;6&quot; style=&quot;display: none;&quot; data-question-count=&quot;10&quot;&gt;
					&lt;p class=&quot;h2&quot;&gt;
						Common sense serves you well. A pushover, you’re not.
					&lt;/p&gt;
				&lt;/div&gt;
				
				&lt;div class=&quot;result text-center result&quot; data-upper=&quot;5&quot; data-lower=&quot;3&quot; style=&quot;display: none;&quot; data-question-count=&quot;10&quot;&gt;
					&lt;p class=&quot;h2&quot;&gt;
						Trouble looms. Learn the pitfalls or pay the price.
					&lt;/p&gt;
				&lt;/div&gt;
				
				&lt;div class=&quot;result text-center result&quot; data-upper=&quot;2&quot; data-lower=&quot;0&quot; style=&quot;display: none;&quot; data-question-count=&quot;10&quot;&gt;
					&lt;p class=&quot;h2&quot;&gt;
						An easy mark! Turn off your computer, stay away from the phone, and don’t answer your front door.
					&lt;/p&gt;
				&lt;/div&gt;
				
			&lt;/div&gt;
			&lt;div class=&quot;modal-footer&quot;&gt;
				&lt;a href=&quot;/quizzes/2017/02/16/savvy-consumer.html&quot; class=&quot;btn btn-default&quot;&gt;Start Over&lt;/a&gt;
				&lt;button type=&quot;button&quot; class=&quot;btn btn-info&quot; data-dismiss=&quot;modal&quot;&gt;Review the Quiz&lt;/button&gt;
			&lt;/div&gt;
		&lt;/div&gt;
	&lt;/div&gt;
&lt;/div&gt;</content><summary type="html">When negotiating a deal for a new car, the best time to discuss the possibility of trading in your old vehicle is:
		

		
			

			

			
				
					
						
						Right away. Get everyone on the same page.
					
				
				
			

			

			

			
				
					
						
						After negotiating the price of the new car.
					
				
				
			

			

			

			
				
					
						
						Doesn't matter.
					
				
				
			

			
		

	
	

	

	

		
			Which of the following is a good approach when you are disappointed after buying a product or service?
		

		
			

			

			
				
					
						
						It's OK to get angry. Let the seller know you're upset, and demand your money back.
					
				
				
			

			

			

			
				
					
						
						Return to the store or website.
					
				
				
			

			

			

			
				
					
						
						Move fast. If a transaction happened more than five days ago, you're out of luck.
					
				
				
			

			
		

	
	

	

	

		
			What should you NOT do when receiving a credit card bill for information you did not receive?
		

		
			

			

			
				
					
						
						Write to the credit card issuer at the address where you send your payments.
					
				
				
			

			

			

			
				
					
						
						Withhold payment on the disputed amount while the matter is investigated.
					
				
				
			

			

			

			
				
					
						
						When writing to a credit card issuer, do so within 60 days after the bill was mailed to you. Include copies of any sales slip or other document that supports your position.
					
				
				
			

			
		

	
	

	

	

		
			Which of the following is a trustworthy caller — a person to whom you safely can give personal information or send money?
		

		
			

			

			
				
					
						
						A person who identifies themselves as a government official.
					
				
				
			

			

			

			
				
					
						
						A caller whose caller ID information appears on your telephone.
					
				
				
			

			

			

			
				
					
						
						Neither of the above.
					
				
				
			

			
		

	
	

	

	

		
			When buying a gift card…
		

		
			

			

			
				
					
						
						Online auction sites are safe and offer good deals.
					
				
				
			

			

			

			
				
					
						
						Purchase from sources you know and trust.
					
				
				
			

			

			

			
				
					
						
						You can be certain no fees will be deducted from the card's value after you buy it.
					
				
				
			

			
		

	
	

	

	

		
			You want to get in shape — maybe join a gym. Before doing so…
		

		
			

			

			
				
					
						
						Find out what happens if you need to cancel your membership.
					
				
				
			

			

			

			
				
					
						
						Visit the facility at a time of day when you likely would not be using it.
					
				
				
			

			

			

			
				
					
						
						Don't bother asking if classes are free. They always are.
					
				
				
			

			
		

	
	

	

	

		
			Which of the following is NOT a way to improve your car's gas mileage?
		

		
			

			

			
				
					
						
						Begin driving as soon as the engine starts. Modern engines don't need much time to warm up.
					
				
				
			

			

			

			
				
					
						
						Minimize the need to brake by anticipating traffic conditions.
					
				
				
			

			

			

			
				
					
						
						Use a higher octane gas than the manufacturer recommends.
					
				
				
			

			
		

	
	

	

	

		
			Avoid identity theft by…
		

		
			

			

			
				
					
						
						Declining to give out personal information on the phone, through the mail, or on the internet unless you've initiated the contact or know who you are dealing with.
					
				
				
			

			

			

			
				
					
						
						Locking your financial records in a safe place at home, and locking your wallet or purse at work.
					
				
				
			

			

			

			
				
					
						
						Shredding receipts, insurance forms, health records, checks, bank statements, charge cards, and other documents when you no longer need them.
					
				
				
			

			

			

			
				
					
						
						All of the above.
					
				
				
			

			
		

	
	

	

	

		
			What NOT to ask when considering colleges or universities:
		

		
			

			

			
				
					
						
						What percentage of students graduate?
					
				
				
			

			

			

			
				
					
						
						Did the football team have a winning record last year?
					
				
				
			

			

			

			
				
					
						
						Can I transfer credit I earn at this school to other schools?
					
				
				
			

			
		

	
	

	

	

		
			Looking for a job? Try…
		

		
			

			

			
				
					
						
						Talking to plugged-in people about your job search and career goals.
					
				
				
			

			

			

			
				
					
						
						Filling out as many applications as possible and hoping someone gets back in touch with you.
					
				
				
			

			

			

			
				
					
						
						Don't tell creditors you are jobless. They will show no mercy.
					
				
				
			

			
		

	
	



	
		Get Results
	
	
		Start Over
	




	
		
			
				&amp;times;
				
					 of 10 (%)
				
			
			
				
				
					
						You’re a savvy consumer. Scam artists, steer clear!
					
				
				
				
					
						Common sense serves you well. A pushover, you’re not.
					
				
				
				
					
						Trouble looms. Learn the pitfalls or pay the price.
					
				
				
				
					
						An easy mark! Turn off your computer, stay away from the phone, and don’t answer your front door.
					
				
				
			
			
				Start Over
				Review the Quiz</summary></entry></feed>
